pdm_id,beneficiary_id,food_consumption_score,coping_strategy_index,satisfaction_level,used_for_intended_purpose,date_visit
1,1,29,17,1,yes,7/19/2025
2,2,42,22,1,yes,7/1/2025
3,3,21,23,3,yes,8/11/2025
4,4,1,11,5,no,7/27/2025
5,5,34,24,5,yes,8/15/2025
6,6,42,3,4,yes,8/16/2025
7,7,27,19,2,yes,8/23/2025
8,8,40,12,2,yes,7/24/2025
9,9,34,24,2,yes,8/14/2025
10,10,34,17,2,yes,8/20/2025
11,11,74,3,5,no,7/21/2025
12,12,14,25,5,yes,7/13/2025
13,13,31,14,4,yes,8/10/2025
14,14,30,15,3,yes,8/28/2025
15,15,65,26,3,yes,8/31/2025
16,16,54,3,3,yes,7/26/2025
17,17,24,0,2,no,8/17/2025
18,18,29,27,2,yes,7/3/2025
19,19,49,15,1,yes,8/28/2025
20,20,41,11,3,yes,8/22/2025
21,21,45,25,3,yes,8/13/2025
22,22,17,20,4,yes,7/30/2025
23,23,55,13,4,yes,8/5/2025
24,24,52,46,5,yes,7/3/2025
25,25,40,21,2,yes,7/29/2025
26,26,30,19,3,yes,7/2/2025
27,27,48,19,2,yes,8/28/2025
28,28,26,20,3,yes,8/4/2025
29,29,63,22,5,yes,8/18/2025
30,30,56,15,5,yes,8/23/2025
31,31,53,20,5,yes,8/21/2025
32,32,27,21,3,yes,7/9/2025
33,33,27,11,2,yes,8/27/2025
34,34,44,20,2,yes,8/14/2025
35,35,24,28,3,no,8/19/2025
36,36,50,10,3,yes,7/24/2025
37,37,18,16,5,no,7/3/2025
38,38,35,19,3,yes,7/23/2025
39,39,36,0,5,yes,7/21/2025
40,40,36,14,4,yes,8/8/2025
41,41,51,11,1,yes,7/13/2025
42,42,67,0,4,no,8/21/2025
43,43,61,15,5,yes,8/15/2025
44,44,54,18,3,yes,7/30/2025
45,45,59,14,4,no,7/29/2025
46,46,25,32,3,yes,8/25/2025
47,47,40,20,1,yes,7/25/2025
48,48,60,7,1,yes,8/27/2025
49,49,50,12,3,no,8/6/2025
50,50,40,18,4,no,7/3/2025
51,51,19,10,1,no,8/12/2025
52,52,62,26,2,yes,8/19/2025
53,53,41,20,2,yes,8/15/2025
54,54,37,31,5,yes,7/25/2025
55,55,38,20,1,yes,8/2/2025
56,56,59,10,2,yes,7/28/2025
57,57,65,2,1,yes,8/2/2025
58,58,66,14,5,no,8/7/2025
59,59,38,0,5,yes,7/1/2025
60,60,35,7,4,yes,8/27/2025
61,61,32,16,1,yes,8/17/2025
62,62,56,20,2,yes,8/6/2025
63,63,46,7,5,yes,7/31/2025
64,64,28,35,5,no,8/24/2025
65,65,30,34,5,yes,7/7/2025
66,66,38,18,3,yes,8/29/2025
67,67,58,30,1,no,8/24/2025
68,68,40,14,2,yes,8/13/2025
69,69,41,21,4,yes,8/26/2025
70,70,55,18,5,yes,8/26/2025
71,71,51,34,2,yes,8/16/2025
72,72,47,21,5,no,8/2/2025
73,73,19,0,4,yes,7/7/2025
74,74,47,17,5,yes,7/17/2025
75,75,34,20,2,no,7/30/2025
76,76,41,29,4,yes,7/4/2025
77,77,43,10,5,yes,7/1/2025
78,78,56,15,4,yes,8/7/2025
79,79,49,13,3,yes,8/9/2025
80,80,32,18,3,yes,7/21/2025
81,81,42,22,4,yes,8/11/2025
82,82,37,0,3,no,7/20/2025
83,83,35,25,3,yes,8/31/2025
84,84,37,15,1,yes,8/7/2025
85,85,56,10,2,yes,7/9/2025
86,86,18,16,4,yes,8/29/2025
87,87,34,8,3,yes,7/15/2025
88,88,39,22,3,yes,8/23/2025
89,89,41,21,3,no,7/7/2025
90,90,69,14,4,yes,8/21/2025
91,91,46,12,3,yes,8/7/2025
92,92,29,12,5,yes,8/9/2025
93,93,34,21,5,yes,8/10/2025
94,94,77,10,5,yes,7/30/2025
95,95,35,17,5,yes,8/6/2025
96,96,47,20,4,yes,8/24/2025
97,97,61,0,3,yes,8/18/2025
98,98,6,13,2,no,8/1/2025
99,99,58,2,3,yes,8/21/2025
100,100,0,23,5,yes,7/31/2025
101,101,45,7,5,yes,8/22/2025
102,102,27,8,2,no,8/13/2025
103,103,43,11,1,yes,8/31/2025
104,104,49,0,2,yes,7/29/2025
105,105,29,6,1,yes,8/23/2025
106,106,38,12,4,yes,7/25/2025
107,107,53,0,1,no,8/13/2025
108,108,42,23,2,yes,7/2/2025
109,109,69,13,1,yes,8/4/2025
110,110,46,0,2,yes,7/11/2025
111,111,6,26,2,yes,8/15/2025
112,112,41,29,5,yes,7/1/2025
113,113,21,23,2,no,7/27/2025
114,114,70,22,5,yes,7/22/2025
115,115,46,18,2,no,7/22/2025
116,116,18,31,1,yes,7/15/2025
117,117,32,23,1,yes,8/31/2025
118,118,18,6,2,no,8/13/2025
119,119,63,14,4,yes,7/11/2025
120,120,63,17,4,yes,8/14/2025
121,121,14,26,3,yes,7/19/2025
122,122,33,24,5,yes,7/17/2025
123,123,42,2,5,yes,7/13/2025
124,124,44,39,2,no,7/16/2025
125,125,49,17,3,yes,7/5/2025
126,126,58,20,3,yes,8/9/2025
127,127,45,7,3,no,8/7/2025
128,128,45,28,2,yes,7/21/2025
129,129,29,32,3,yes,7/29/2025
130,130,40,9,1,no,7/10/2025
131,131,56,15,1,yes,7/8/2025
132,132,53,15,4,yes,7/13/2025
133,133,41,22,4,no,7/17/2025
134,134,46,0,3,yes,8/21/2025
135,135,25,27,4,yes,7/8/2025
136,136,40,12,2,yes,8/6/2025
137,137,21,7,2,no,8/8/2025
138,138,11,16,1,no,7/10/2025
139,139,33,8,4,yes,8/18/2025
140,140,40,21,1,yes,7/21/2025
141,141,73,2,1,yes,7/26/2025
142,142,59,27,1,no,7/11/2025
143,143,30,20,2,no,8/4/2025
144,144,35,19,2,yes,8/10/2025
145,145,64,24,1,yes,7/19/2025
146,146,49,13,3,yes,8/14/2025
147,147,19,15,3,yes,7/1/2025
148,148,60,2,3,yes,7/21/2025
149,149,26,19,3,yes,7/4/2025
150,150,27,10,2,no,7/14/2025
151,151,35,4,3,yes,8/1/2025
152,152,27,25,4,yes,8/4/2025
153,153,22,2,5,yes,7/20/2025
154,154,32,25,2,yes,7/9/2025
155,155,39,13,4,yes,7/13/2025
156,156,42,0,5,yes,7/4/2025
157,157,49,21,3,yes,7/27/2025
158,158,35,28,1,yes,7/12/2025
159,159,25,29,2,yes,7/25/2025
160,160,44,14,2,no,7/28/2025
161,161,41,16,5,yes,8/30/2025
162,162,60,7,2,yes,8/6/2025
163,163,30,28,4,yes,7/22/2025
164,164,33,27,1,yes,7/30/2025
165,165,67,13,5,yes,8/11/2025
166,166,52,6,4,yes,8/16/2025
167,167,53,19,1,no,8/13/2025
168,168,49,11,1,yes,7/4/2025
169,169,17,23,2,yes,7/14/2025
170,170,11,14,3,yes,7/3/2025
171,171,56,19,4,yes,7/31/2025
172,172,71,28,2,no,7/25/2025
173,173,32,18,2,yes,8/5/2025
174,174,41,2,2,yes,8/18/2025
175,175,27,12,2,yes,8/10/2025
176,176,11,18,1,yes,7/11/2025
177,177,38,1,5,no,8/20/2025
178,178,48,25,5,yes,7/1/2025
179,179,45,14,3,yes,7/31/2025
180,180,50,24,1,yes,8/28/2025
181,181,46,9,4,yes,7/4/2025
182,182,46,29,5,yes,7/10/2025
183,183,33,38,5,yes,7/30/2025
184,184,34,18,4,yes,7/12/2025
185,185,31,20,4,yes,7/21/2025
186,186,15,12,3,yes,7/21/2025
187,187,25,19,4,yes,8/4/2025
188,188,56,24,4,yes,8/27/2025
189,189,6,38,5,no,7/4/2025
190,190,46,10,4,yes,7/11/2025
191,191,44,19,5,yes,8/17/2025
192,192,31,19,1,no,7/11/2025
193,193,32,13,4,no,8/5/2025
194,194,31,3,1,no,7/17/2025
195,195,44,23,4,yes,7/24/2025
196,196,49,26,5,yes,7/9/2025
197,197,46,12,3,yes,7/1/2025
198,198,54,4,5,yes,8/14/2025
199,199,28,8,1,yes,8/26/2025
200,200,58,27,3,yes,8/14/2025
201,201,49,28,3,no,7/22/2025
202,202,28,21,2,yes,7/14/2025
203,203,40,26,4,yes,8/14/2025
204,204,40,14,3,yes,8/5/2025
205,205,50,26,5,yes,7/29/2025
206,206,31,17,1,yes,8/14/2025
207,207,26,0,5,yes,7/21/2025
208,208,45,24,4,yes,8/19/2025
209,209,45,0,1,no,7/6/2025
210,210,36,0,2,no,8/2/2025
211,211,62,7,5,yes,8/31/2025
212,212,60,27,2,yes,7/10/2025
213,213,28,6,4,yes,8/20/2025
214,214,47,9,5,yes,8/20/2025
215,215,43,13,2,no,8/13/2025
216,216,15,0,1,yes,8/18/2025
217,217,45,12,4,yes,7/29/2025
218,218,33,24,1,yes,7/13/2025
219,219,59,15,4,yes,8/3/2025
220,220,36,23,4,yes,7/25/2025
221,221,21,20,4,yes,7/1/2025
222,222,50,24,2,yes,8/23/2025
223,223,12,10,4,yes,7/31/2025
224,224,28,18,5,yes,8/10/2025
225,225,49,32,1,yes,8/7/2025
226,226,34,13,5,yes,7/8/2025
227,227,59,20,2,yes,7/17/2025
228,228,61,20,2,yes,7/24/2025
229,229,24,4,2,no,8/13/2025
230,230,18,24,3,yes,7/26/2025
231,231,59,36,1,yes,8/8/2025
232,232,54,29,1,no,8/5/2025
233,233,33,6,3,yes,8/3/2025
234,234,54,22,4,yes,8/14/2025
235,235,43,21,1,yes,8/14/2025
236,236,46,30,5,yes,8/13/2025
237,237,61,23,4,yes,8/27/2025
238,238,54,23,1,yes,7/3/2025
239,239,35,25,4,yes,7/7/2025
240,240,21,28,1,yes,7/19/2025
241,241,24,20,1,yes,7/15/2025
242,242,29,23,4,no,8/7/2025
243,243,41,2,3,yes,8/8/2025
244,244,48,12,4,yes,7/10/2025
245,245,55,18,3,yes,8/12/2025
246,246,47,8,1,yes,7/5/2025
247,247,33,13,1,yes,8/23/2025
248,248,54,34,5,no,7/4/2025
249,249,29,28,4,yes,7/7/2025
250,250,9,6,4,yes,7/24/2025
251,251,27,4,1,yes,7/1/2025
252,252,18,22,3,yes,7/23/2025
253,253,38,21,3,yes,7/11/2025
254,254,52,20,2,yes,8/9/2025
255,255,51,17,2,yes,7/1/2025
256,256,24,28,2,yes,8/26/2025
257,257,33,8,4,yes,8/9/2025
258,258,39,8,5,yes,8/11/2025
259,259,35,21,4,yes,8/11/2025
260,260,47,9,3,yes,8/25/2025
261,261,34,28,5,yes,8/8/2025
262,262,49,38,4,yes,7/17/2025
263,263,59,29,2,yes,7/25/2025
264,264,21,25,5,yes,7/17/2025
265,265,41,12,2,yes,7/6/2025
266,266,44,27,4,yes,7/23/2025
267,267,49,9,2,yes,7/3/2025
268,268,53,11,3,yes,8/27/2025
269,269,45,14,2,yes,8/29/2025
270,270,38,25,5,yes,8/25/2025
271,271,26,37,4,yes,8/20/2025
272,272,14,12,4,yes,8/19/2025
273,273,47,23,5,yes,8/4/2025
274,274,40,17,1,yes,8/27/2025
275,275,48,15,4,yes,7/1/2025
276,276,62,26,5,yes,8/1/2025
277,277,55,8,1,yes,7/30/2025
278,278,40,14,3,yes,7/3/2025
279,279,26,21,3,yes,8/9/2025
280,280,33,24,4,yes,7/6/2025
281,281,25,35,3,yes,8/9/2025
282,282,28,20,1,yes,7/14/2025
283,283,53,12,3,yes,7/11/2025
284,284,54,5,3,yes,8/13/2025
285,285,63,18,3,yes,7/17/2025
286,286,33,15,3,yes,8/9/2025
287,287,54,12,5,yes,7/14/2025
288,288,30,15,2,yes,8/18/2025
289,289,24,36,2,yes,7/29/2025
290,290,33,26,5,yes,8/27/2025
291,291,45,8,1,yes,8/31/2025
292,292,41,25,1,no,8/3/2025
293,293,39,29,3,yes,8/25/2025
294,294,57,27,1,no,7/17/2025
295,295,35,7,4,yes,8/27/2025
296,296,32,19,5,yes,8/12/2025
297,297,50,0,3,yes,8/22/2025
298,298,41,19,2,yes,7/23/2025
299,299,37,30,5,yes,8/2/2025
300,300,48,31,2,yes,8/12/2025
301,301,38,27,4,yes,7/13/2025
302,302,66,31,3,yes,8/24/2025
303,303,25,15,5,yes,8/18/2025
304,304,36,22,1,no,7/10/2025
305,305,52,9,4,yes,7/23/2025
306,306,43,0,5,no,8/1/2025
307,307,63,12,2,yes,8/24/2025
308,308,42,14,3,yes,8/22/2025
309,309,59,0,2,yes,8/3/2025
310,310,41,16,4,no,8/5/2025
311,311,35,35,1,yes,7/10/2025
312,312,28,25,1,no,8/21/2025
313,313,47,30,3,yes,8/13/2025
314,314,31,10,3,yes,8/4/2025
315,315,58,22,3,yes,7/25/2025
316,316,18,12,1,yes,8/7/2025
317,317,47,26,2,no,8/31/2025
318,318,31,0,1,yes,8/5/2025
319,319,49,5,3,yes,8/20/2025
320,320,11,0,2,yes,7/28/2025
321,321,54,19,1,yes,8/1/2025
322,322,38,31,3,yes,8/21/2025
323,323,51,34,3,yes,7/10/2025
324,324,21,17,5,yes,7/12/2025
325,325,17,15,4,yes,8/30/2025
326,326,38,24,4,yes,8/2/2025
327,327,42,24,5,yes,7/30/2025
328,328,52,39,5,no,8/3/2025
329,329,37,8,4,no,7/22/2025
330,330,45,9,3,yes,8/2/2025
331,331,64,15,3,no,8/18/2025
332,332,33,13,3,no,7/16/2025
333,333,52,16,3,yes,8/28/2025
334,334,32,34,5,no,7/9/2025
335,335,29,18,5,no,7/14/2025
336,336,51,1,4,no,8/28/2025
337,337,49,7,1,yes,8/31/2025
338,338,54,8,5,yes,8/14/2025
339,339,52,29,4,yes,7/5/2025
340,340,54,20,5,yes,7/25/2025
341,341,38,12,2,yes,7/2/2025
342,342,64,11,1,yes,7/18/2025
343,343,26,24,5,yes,7/19/2025
344,344,30,8,4,yes,7/28/2025
345,345,20,13,3,yes,8/28/2025
346,346,40,20,1,no,7/27/2025
347,347,56,23,5,yes,7/9/2025
348,348,39,16,2,yes,7/16/2025
349,349,49,30,1,no,8/21/2025
350,350,43,13,4,yes,7/27/2025
351,351,27,3,3,yes,8/3/2025
352,352,51,23,1,no,8/31/2025
353,353,50,16,2,yes,7/3/2025
354,354,63,13,2,yes,7/29/2025
355,355,56,17,3,yes,7/4/2025
356,356,32,23,2,yes,8/31/2025
357,357,48,21,2,yes,8/28/2025
358,358,43,17,4,yes,7/27/2025
359,359,77,29,2,yes,7/30/2025
360,360,52,19,3,yes,8/25/2025
361,361,57,23,1,yes,7/7/2025
362,362,42,14,2,yes,7/14/2025
363,363,40,0,5,yes,8/1/2025
364,364,45,13,5,yes,8/5/2025
365,365,65,18,4,yes,8/21/2025
366,366,24,17,1,no,7/27/2025
367,367,26,22,1,yes,8/26/2025
368,368,46,27,3,yes,8/25/2025
369,369,30,18,5,yes,7/26/2025
370,370,21,25,4,yes,7/28/2025
371,371,49,22,3,yes,7/19/2025
372,372,42,22,1,yes,7/2/2025
373,373,66,15,2,yes,8/5/2025
374,374,44,7,5,yes,7/9/2025
375,375,28,18,1,no,8/28/2025
376,376,58,15,5,yes,7/25/2025
377,377,38,13,4,yes,8/28/2025
378,378,33,20,3,yes,8/9/2025
379,379,19,30,3,yes,8/29/2025
380,380,32,25,5,yes,7/20/2025
381,381,22,24,2,yes,8/26/2025
382,382,52,21,2,no,8/23/2025
383,383,27,20,5,no,7/29/2025
384,384,24,15,1,yes,7/3/2025
385,385,57,25,2,yes,7/15/2025
386,386,42,8,2,yes,8/4/2025
387,387,51,18,5,no,7/30/2025
388,388,7,25,1,yes,8/18/2025
389,389,41,30,2,yes,7/11/2025
390,390,25,0,1,yes,7/28/2025
391,391,46,20,4,yes,7/19/2025
392,392,16,8,2,yes,8/29/2025
393,393,83,14,4,yes,7/9/2025
394,394,52,11,4,no,8/14/2025
395,395,10,16,3,yes,7/10/2025
396,396,38,14,5,yes,7/25/2025
397,397,40,20,1,yes,7/10/2025
398,398,39,5,1,yes,8/28/2025
399,399,49,0,4,yes,7/15/2025
400,400,11,25,3,yes,7/6/2025
401,401,49,17,1,yes,8/12/2025
402,402,21,10,5,yes,7/15/2025
403,403,38,2,3,yes,7/23/2025
404,404,30,24,3,yes,7/22/2025
405,405,63,13,4,yes,8/31/2025
406,406,53,0,2,no,8/24/2025
407,407,51,9,4,yes,8/15/2025
408,408,46,15,1,yes,7/22/2025
409,409,61,9,2,yes,7/23/2025
410,410,51,15,5,yes,7/4/2025
411,411,39,16,2,yes,7/15/2025
412,412,29,17,2,yes,7/23/2025
413,413,41,20,4,no,7/2/2025
414,414,43,25,3,yes,8/20/2025
415,415,55,7,3,yes,8/16/2025
416,416,55,6,2,yes,7/22/2025
417,417,50,24,3,no,8/3/2025
418,418,13,18,5,yes,8/14/2025
419,419,34,10,2,no,8/20/2025
420,420,62,11,4,no,7/30/2025
421,421,29,18,1,yes,7/7/2025
422,422,52,16,4,yes,8/5/2025
423,423,59,23,5,no,7/5/2025
424,424,9,12,3,yes,7/27/2025
425,425,33,22,3,yes,8/11/2025
426,426,2,43,4,yes,7/26/2025
427,427,49,19,3,yes,7/1/2025
428,428,59,41,3,no,7/18/2025
429,429,55,27,5,yes,8/27/2025
430,430,43,16,3,yes,7/28/2025
431,431,34,9,4,yes,7/14/2025
432,432,31,4,2,yes,8/9/2025
433,433,40,1,1,no,7/11/2025
434,434,44,17,3,yes,7/22/2025
435,435,44,12,3,yes,8/28/2025
436,436,88,31,4,yes,8/12/2025
437,437,23,20,4,no,7/16/2025
438,438,32,7,5,yes,7/21/2025
439,439,21,22,5,yes,8/13/2025
440,440,31,27,3,no,7/27/2025
441,441,56,31,3,yes,7/27/2025
442,442,29,22,1,yes,8/8/2025
443,443,51,13,3,yes,7/6/2025
444,444,30,34,2,no,7/4/2025
445,445,45,24,2,no,7/16/2025
446,446,29,5,5,yes,8/14/2025
447,447,33,16,1,yes,8/30/2025
448,448,26,17,5,yes,8/25/2025
449,449,16,6,4,yes,7/15/2025
450,450,52,24,2,yes,8/5/2025
451,451,36,7,5,yes,8/27/2025
452,452,26,14,5,yes,7/5/2025
453,453,51,27,1,yes,7/2/2025
454,454,34,6,1,yes,7/14/2025
455,455,46,9,2,yes,8/23/2025
456,456,34,31,2,yes,7/30/2025
457,457,54,19,1,yes,8/11/2025
458,458,22,20,4,yes,8/2/2025
459,459,57,14,4,yes,7/21/2025
460,460,62,30,4,yes,7/28/2025
461,461,66,21,5,yes,8/14/2025
462,462,50,32,5,yes,7/19/2025
463,463,48,12,3,no,7/22/2025
464,464,35,20,5,yes,8/6/2025
465,465,22,16,3,no,7/2/2025
466,466,58,0,3,yes,8/11/2025
467,467,65,29,2,yes,7/25/2025
468,468,35,23,2,yes,8/10/2025
469,469,42,30,1,yes,7/20/2025
470,470,56,3,5,yes,8/26/2025
471,471,50,15,3,no,8/5/2025
472,472,43,10,2,yes,8/30/2025
473,473,68,28,2,yes,7/9/2025
474,474,30,4,3,yes,8/29/2025
475,475,36,22,1,no,8/27/2025
476,476,45,30,5,yes,8/2/2025
477,477,53,27,2,yes,7/5/2025
478,478,46,4,4,yes,7/7/2025
479,479,39,28,1,yes,8/15/2025
480,480,41,23,2,yes,8/23/2025
481,481,37,7,3,yes,8/15/2025
482,482,40,21,3,yes,7/4/2025
483,483,32,15,2,yes,8/21/2025
484,484,27,29,2,yes,7/25/2025
485,485,37,32,5,no,7/30/2025
486,486,64,17,2,yes,8/16/2025
487,487,26,0,5,yes,8/30/2025
488,488,19,4,1,yes,8/16/2025
489,489,62,19,3,yes,7/16/2025
490,490,47,0,2,yes,7/6/2025
491,491,24,26,2,yes,7/19/2025
492,492,46,16,3,yes,8/14/2025
493,493,50,34,2,yes,8/19/2025
494,494,38,18,4,yes,8/11/2025
495,495,44,41,1,yes,7/6/2025
496,496,10,24,2,yes,7/6/2025
497,497,40,23,5,no,7/24/2025
498,498,32,17,2,yes,8/6/2025
499,499,52,49,3,yes,7/4/2025
500,500,54,9,1,yes,8/22/2025
501,501,35,13,4,yes,7/17/2025
502,502,15,14,1,yes,8/28/2025
503,503,52,5,2,no,7/21/2025
504,504,57,22,3,yes,7/6/2025
505,505,30,16,5,no,7/6/2025
506,506,65,25,1,yes,7/20/2025
507,507,42,15,2,yes,8/2/2025
508,508,43,12,3,yes,7/13/2025
509,509,10,38,2,yes,8/13/2025
510,510,44,21,5,yes,7/12/2025
511,511,41,10,4,yes,7/27/2025
512,512,39,2,1,yes,7/16/2025
513,513,76,5,3,yes,7/8/2025
514,514,26,13,1,yes,8/19/2025
515,515,61,18,2,yes,8/26/2025
516,516,23,30,2,yes,7/15/2025
517,517,52,23,1,yes,8/7/2025
518,518,52,41,3,yes,7/11/2025
519,519,74,11,5,yes,8/8/2025
520,520,66,21,1,yes,8/11/2025
521,521,49,1,5,yes,8/7/2025
522,522,39,9,4,yes,7/20/2025
523,523,54,28,3,yes,7/8/2025
524,524,10,17,5,yes,8/6/2025
525,525,58,16,5,yes,7/10/2025
526,526,52,21,1,yes,7/13/2025
527,527,47,15,3,yes,8/5/2025
528,528,23,6,2,yes,8/31/2025
529,529,52,18,2,yes,7/28/2025
530,530,39,13,4,yes,7/20/2025
531,531,37,28,1,no,7/6/2025
532,532,36,4,1,no,7/14/2025
533,533,53,15,5,no,7/6/2025
534,534,42,34,5,yes,8/2/2025
535,535,41,20,4,yes,7/21/2025
536,536,24,15,1,yes,8/16/2025
537,537,51,2,2,yes,7/2/2025
538,538,45,19,2,yes,8/21/2025
539,539,42,28,3,yes,7/28/2025
540,540,47,32,1,no,7/5/2025
541,541,27,19,3,no,7/31/2025
542,542,43,7,4,yes,8/22/2025
543,543,56,41,4,yes,8/18/2025
544,544,41,23,2,yes,8/25/2025
545,545,43,10,4,yes,7/5/2025
546,546,14,10,4,yes,7/14/2025
547,547,21,35,1,yes,8/23/2025
548,548,40,14,2,yes,8/31/2025
549,549,55,6,5,yes,7/6/2025
550,550,30,18,1,yes,8/26/2025
551,551,57,23,4,no,7/2/2025
552,552,45,18,2,yes,8/6/2025
553,553,48,20,5,yes,8/19/2025
554,554,26,18,2,yes,7/26/2025
555,555,25,18,4,yes,7/23/2025
556,556,34,43,5,yes,7/26/2025
557,557,41,3,5,no,8/31/2025
558,558,39,23,4,yes,8/8/2025
559,559,67,12,2,no,7/9/2025
560,560,18,26,2,yes,7/30/2025
561,561,21,13,1,yes,7/7/2025
562,562,38,17,3,yes,7/1/2025
563,563,52,11,1,yes,8/25/2025
564,564,37,17,1,yes,7/4/2025
565,565,44,18,5,yes,7/16/2025
566,566,48,26,2,yes,7/14/2025
567,567,47,22,1,yes,7/26/2025
568,568,18,18,3,no,8/19/2025
569,569,49,25,4,yes,8/26/2025
570,570,31,11,5,yes,8/5/2025
571,571,33,23,2,yes,8/11/2025
572,572,57,13,2,yes,7/22/2025
573,573,55,19,5,yes,8/23/2025
574,574,40,15,5,yes,7/10/2025
575,575,53,21,5,no,7/21/2025
576,576,76,9,5,yes,7/10/2025
577,577,49,12,3,yes,7/22/2025
578,578,28,17,3,yes,8/25/2025
579,579,44,47,1,yes,8/19/2025
580,580,39,6,1,no,8/31/2025
581,581,46,0,4,yes,8/31/2025
582,582,40,18,2,no,8/3/2025
583,583,53,27,2,yes,7/16/2025
584,584,34,16,4,yes,8/5/2025
585,585,30,6,2,yes,8/1/2025
586,586,46,5,2,yes,8/6/2025
587,587,35,8,2,yes,7/16/2025
588,588,50,36,5,yes,7/17/2025
589,589,22,0,2,yes,7/29/2025
590,590,40,18,3,yes,7/27/2025
591,591,45,13,4,no,7/18/2025
592,592,38,21,5,yes,7/31/2025
593,593,57,0,3,yes,7/15/2025
594,594,36,20,4,yes,7/9/2025
595,595,28,35,1,yes,7/7/2025
596,596,32,17,4,yes,8/26/2025
597,597,50,12,2,yes,7/31/2025
598,598,14,13,4,yes,7/17/2025
599,599,57,14,3,yes,7/1/2025
600,600,29,27,5,yes,8/17/2025
601,601,37,12,3,yes,7/6/2025
602,602,44,25,3,yes,8/4/2025
603,603,77,26,1,yes,8/15/2025
604,604,59,12,2,yes,8/27/2025
605,605,26,18,1,yes,8/4/2025
606,606,43,7,4,yes,7/20/2025
607,607,39,21,4,no,8/25/2025
608,608,47,23,2,no,7/5/2025
609,609,46,12,1,yes,7/11/2025
610,610,34,6,4,yes,7/2/2025
611,611,68,18,3,yes,8/15/2025
612,612,38,8,3,yes,7/23/2025
613,613,86,7,3,yes,7/26/2025
614,614,35,22,5,no,7/25/2025
615,615,51,27,5,yes,8/29/2025
616,616,69,23,2,yes,7/6/2025
617,617,26,15,3,yes,7/13/2025
618,618,46,38,3,no,8/13/2025
619,619,21,30,3,yes,7/21/2025
620,620,44,26,3,no,8/24/2025
621,621,40,9,5,yes,7/27/2025
622,622,53,24,4,yes,7/15/2025
623,623,56,17,1,no,7/6/2025
624,624,33,2,5,no,8/11/2025
625,625,54,22,2,yes,8/19/2025
626,626,27,12,2,no,8/31/2025
627,627,34,3,5,yes,8/7/2025
628,628,29,6,4,no,8/13/2025
629,629,35,10,2,yes,8/11/2025
630,630,17,38,4,yes,8/21/2025
631,631,60,10,2,yes,8/3/2025
632,632,46,22,2,yes,8/12/2025
633,633,59,9,1,no,7/21/2025
634,634,58,12,4,yes,8/20/2025
635,635,21,25,5,yes,7/2/2025
636,636,61,43,5,yes,7/27/2025
637,637,24,24,3,yes,7/8/2025
638,638,35,25,1,yes,8/21/2025
639,639,19,5,3,no,8/18/2025
640,640,30,18,1,yes,8/22/2025
641,641,32,24,5,yes,8/5/2025
642,642,57,23,3,yes,8/17/2025
643,643,66,22,4,yes,7/3/2025
644,644,23,31,1,yes,7/12/2025
645,645,32,27,4,no,7/22/2025
646,646,65,22,5,yes,8/15/2025
647,647,19,8,1,yes,7/12/2025
648,648,61,16,5,no,7/17/2025
649,649,43,25,3,yes,7/25/2025
650,650,52,20,4,yes,7/19/2025
651,651,38,14,2,yes,8/17/2025
652,652,54,23,4,yes,8/14/2025
653,653,38,28,3,yes,7/9/2025
654,654,40,9,4,yes,8/2/2025
655,655,30,8,1,no,7/8/2025
656,656,37,30,4,no,8/17/2025
657,657,29,19,1,yes,7/29/2025
658,658,32,15,2,yes,7/30/2025
659,659,19,15,5,yes,7/19/2025
660,660,39,23,3,yes,7/15/2025
661,661,45,6,3,yes,8/22/2025
662,662,58,20,4,yes,8/5/2025
663,663,44,17,2,yes,7/28/2025
664,664,34,20,3,no,8/2/2025
665,665,49,0,5,yes,7/6/2025
666,666,33,15,1,yes,7/29/2025
667,667,45,29,1,yes,8/31/2025
668,668,30,13,1,yes,8/15/2025
669,669,34,9,5,yes,8/11/2025
670,670,36,25,3,yes,8/30/2025
671,671,26,22,1,yes,7/16/2025
672,672,16,12,1,no,8/25/2025
673,673,37,34,5,yes,7/19/2025
674,674,37,0,1,yes,8/24/2025
675,675,12,18,3,yes,8/15/2025
676,676,51,21,2,yes,7/23/2025
677,677,44,29,2,yes,8/26/2025
678,678,33,26,5,yes,7/14/2025
679,679,17,8,4,yes,8/4/2025
680,680,14,15,4,yes,8/25/2025
681,681,41,19,4,yes,8/6/2025
682,682,42,8,5,yes,7/14/2025
683,683,39,3,1,no,7/27/2025
684,684,62,14,3,yes,8/10/2025
685,685,34,33,4,no,7/31/2025
686,686,23,6,1,yes,7/22/2025
687,687,25,17,5,yes,8/26/2025
688,688,48,25,1,yes,8/25/2025
689,689,80,0,4,no,8/13/2025
690,690,51,12,5,yes,7/18/2025
691,691,33,11,1,no,8/29/2025
692,692,28,34,1,yes,8/6/2025
693,693,54,18,1,yes,7/27/2025
694,694,62,2,1,yes,8/29/2025
695,695,22,0,4,yes,7/25/2025
696,696,31,19,1,no,8/7/2025
697,697,43,19,5,yes,8/18/2025
698,698,20,26,5,yes,8/21/2025
699,699,45,25,3,yes,8/19/2025
700,700,13,21,3,no,8/1/2025
701,701,24,14,2,no,8/22/2025
702,702,50,18,5,no,8/24/2025
703,703,29,18,3,no,7/12/2025
704,704,19,29,2,yes,8/16/2025
705,705,38,29,4,no,8/5/2025
706,706,34,12,4,yes,7/4/2025
707,707,30,26,4,yes,8/26/2025
708,708,31,24,1,yes,7/22/2025
709,709,36,0,2,yes,8/29/2025
710,710,33,6,1,yes,8/18/2025
711,711,42,6,5,yes,8/5/2025
712,712,55,17,2,yes,7/26/2025
713,713,39,24,4,yes,8/7/2025
714,714,56,17,1,yes,8/12/2025
715,715,30,0,4,yes,7/2/2025
716,716,31,11,2,yes,7/24/2025
717,717,43,14,2,yes,7/14/2025
718,718,52,11,5,yes,7/24/2025
719,719,41,29,4,yes,7/20/2025
720,720,47,17,4,yes,8/12/2025
721,721,32,11,5,yes,7/7/2025
722,722,29,12,1,yes,7/13/2025
723,723,53,15,4,yes,8/18/2025
724,724,21,35,5,yes,7/2/2025
725,725,46,3,4,yes,7/16/2025
726,726,35,19,4,yes,7/4/2025
727,727,67,6,5,yes,8/18/2025
728,728,56,31,4,no,8/15/2025
729,729,32,15,4,yes,8/30/2025
730,730,26,15,5,yes,7/3/2025
731,731,41,24,4,yes,8/20/2025
732,732,58,10,1,yes,8/26/2025
733,733,12,17,5,yes,8/2/2025
734,734,46,20,3,yes,8/13/2025
735,735,37,19,4,yes,7/20/2025
736,736,64,21,5,yes,7/27/2025
737,737,36,12,2,yes,7/23/2025
738,738,39,34,1,no,8/21/2025
739,739,39,17,3,yes,7/18/2025
740,740,34,28,3,yes,7/29/2025
741,741,71,22,2,yes,7/26/2025
742,742,43,18,3,yes,7/6/2025
743,743,6,25,5,yes,8/2/2025
744,744,44,22,1,yes,8/7/2025
745,745,31,14,3,yes,8/6/2025
746,746,35,28,3,yes,8/28/2025
747,747,36,38,1,yes,7/22/2025
748,748,48,5,2,yes,7/4/2025
749,749,40,11,2,yes,7/12/2025
750,750,9,33,4,yes,7/15/2025
751,751,52,23,1,yes,8/24/2025
752,752,44,4,4,yes,8/27/2025
753,753,34,26,3,yes,8/30/2025
754,754,26,0,3,no,7/15/2025
755,755,38,16,2,yes,8/28/2025
756,756,44,25,1,no,7/30/2025
757,757,51,20,3,yes,7/3/2025
758,758,59,2,4,yes,7/6/2025
759,759,49,24,4,yes,7/10/2025
760,760,23,2,2,yes,7/26/2025
761,761,30,11,4,yes,7/9/2025
762,762,53,11,3,yes,7/13/2025
763,763,29,11,4,yes,8/6/2025
764,764,58,18,5,no,7/4/2025
765,765,39,16,3,yes,8/26/2025
766,766,61,10,2,yes,8/29/2025
767,767,61,20,4,yes,7/14/2025
768,768,39,43,2,yes,7/28/2025
769,769,26,14,2,yes,7/17/2025
770,770,23,27,2,yes,8/30/2025
771,771,67,34,3,yes,7/11/2025
772,772,60,16,5,yes,7/9/2025
773,773,36,1,2,yes,7/12/2025
774,774,72,22,2,yes,8/7/2025
775,775,34,31,2,yes,7/15/2025
776,776,27,22,2,yes,8/22/2025
777,777,39,24,1,yes,8/14/2025
778,778,41,3,5,yes,8/11/2025
779,779,43,28,2,yes,8/27/2025
780,780,41,25,1,yes,7/29/2025
781,781,26,17,1,yes,7/13/2025
782,782,32,25,2,no,7/13/2025
783,783,42,24,1,yes,8/4/2025
784,784,58,24,5,yes,7/18/2025
785,785,46,8,3,yes,8/19/2025
786,786,41,12,1,yes,8/11/2025
787,787,36,14,4,no,8/10/2025
788,788,27,0,1,yes,7/15/2025
789,789,31,19,4,yes,8/3/2025
790,790,21,18,3,yes,8/13/2025
791,791,70,28,1,yes,7/27/2025
792,792,66,21,5,yes,8/4/2025
793,793,59,10,1,no,8/11/2025
794,794,32,0,4,yes,8/24/2025
795,795,59,33,3,yes,8/16/2025
796,796,33,15,2,yes,8/1/2025
797,797,30,21,5,yes,7/30/2025
798,798,58,0,5,yes,7/28/2025
799,799,48,15,3,yes,7/14/2025
800,800,43,22,2,yes,7/29/2025
801,801,39,16,2,yes,8/31/2025
802,802,38,27,5,yes,8/3/2025
803,803,48,20,3,yes,7/17/2025
804,804,22,14,2,yes,8/5/2025
805,805,55,18,2,yes,8/6/2025
806,806,51,35,1,yes,7/30/2025
807,807,57,18,5,no,7/30/2025
808,808,34,0,5,no,8/13/2025
809,809,39,14,2,yes,7/24/2025
810,810,47,16,1,yes,7/7/2025
811,811,37,0,5,yes,8/18/2025
812,812,27,22,5,yes,7/27/2025
813,813,67,17,3,yes,8/19/2025
814,814,46,27,1,yes,8/16/2025
815,815,29,21,1,yes,7/1/2025
816,816,30,26,4,yes,8/26/2025
817,817,44,20,5,yes,8/12/2025
818,818,30,25,1,yes,7/30/2025
819,819,73,7,2,no,8/1/2025
820,820,36,20,4,yes,8/25/2025
821,821,53,12,3,yes,8/6/2025
822,822,0,31,5,yes,7/10/2025
823,823,53,0,5,yes,8/16/2025
824,824,32,33,5,yes,8/16/2025
825,825,63,27,1,yes,7/22/2025
826,826,39,18,2,yes,8/24/2025
827,827,40,29,4,yes,7/10/2025
828,828,28,9,1,yes,8/6/2025
829,829,57,17,4,yes,8/13/2025
830,830,62,11,4,yes,8/6/2025
831,831,41,8,4,yes,8/8/2025
832,832,42,3,3,yes,8/28/2025
833,833,34,3,5,yes,7/13/2025
834,834,52,25,5,yes,7/21/2025
835,835,16,31,3,yes,7/28/2025
836,836,79,18,3,yes,7/31/2025
837,837,32,46,1,yes,7/14/2025
838,838,22,18,1,yes,8/17/2025
839,839,44,31,1,yes,7/10/2025
840,840,47,13,4,no,7/25/2025
841,841,27,14,4,yes,8/17/2025
842,842,26,18,2,yes,7/25/2025
843,843,33,3,4,yes,8/15/2025
844,844,60,13,2,yes,8/16/2025
845,845,22,16,2,yes,8/2/2025
846,846,43,0,4,yes,7/14/2025
847,847,46,7,5,no,7/28/2025
848,848,67,23,4,yes,7/7/2025
849,849,36,10,5,yes,8/8/2025
850,850,40,24,1,yes,8/3/2025
851,851,41,15,4,yes,8/16/2025
852,852,42,11,1,yes,7/14/2025
853,853,36,0,2,yes,7/20/2025
854,854,56,20,4,yes,8/5/2025
855,855,30,36,5,yes,7/13/2025
856,856,43,7,4,yes,8/9/2025
857,857,54,21,3,yes,7/18/2025
858,858,47,13,1,yes,7/28/2025
859,859,48,15,1,yes,8/9/2025
860,860,50,0,1,yes,8/1/2025
861,861,35,35,1,no,7/19/2025
862,862,30,11,3,yes,8/5/2025
863,863,35,5,1,yes,7/23/2025
864,864,8,15,4,yes,8/15/2025
865,865,44,17,3,yes,8/31/2025
866,866,39,18,5,yes,7/17/2025
867,867,57,16,4,yes,8/14/2025
868,868,33,15,2,yes,8/19/2025
869,869,50,32,5,no,8/17/2025
870,870,32,18,3,yes,8/30/2025
871,871,47,8,5,yes,7/22/2025
872,872,42,3,4,yes,8/28/2025
873,873,15,21,1,yes,7/29/2025
874,874,36,20,5,yes,7/20/2025
875,875,41,8,4,yes,8/7/2025
876,876,41,5,5,no,8/4/2025
877,877,62,4,5,yes,7/29/2025
878,878,39,7,3,yes,7/17/2025
879,879,50,14,3,yes,8/22/2025
880,880,34,26,4,yes,8/9/2025
881,881,42,23,2,yes,7/26/2025
882,882,27,3,2,yes,7/4/2025
883,883,43,14,2,yes,8/2/2025
884,884,51,17,5,yes,8/23/2025
885,885,45,1,4,yes,8/21/2025
886,886,70,16,5,no,7/11/2025
887,887,52,9,3,no,7/20/2025
888,888,46,4,2,yes,8/3/2025
889,889,48,14,4,yes,7/12/2025
890,890,42,24,1,yes,7/7/2025
891,891,23,11,3,yes,8/22/2025
892,892,48,38,2,yes,7/5/2025
893,893,39,23,1,yes,7/3/2025
894,894,40,37,2,yes,7/20/2025
895,895,15,18,4,yes,7/25/2025
896,896,17,0,4,yes,7/20/2025
897,897,46,19,5,yes,7/14/2025
898,898,37,16,4,yes,7/29/2025
899,899,88,15,3,yes,8/17/2025
900,900,49,11,5,yes,8/17/2025
901,901,46,15,1,yes,7/12/2025
902,902,35,36,2,yes,7/22/2025
903,903,59,19,1,no,7/16/2025
904,904,7,14,5,yes,7/26/2025
905,905,82,15,3,no,8/5/2025
906,906,58,32,4,yes,8/15/2025
907,907,45,9,1,yes,8/27/2025
908,908,5,24,1,yes,8/23/2025
909,909,29,19,3,yes,8/3/2025
910,910,23,15,5,yes,7/14/2025
911,911,42,20,3,yes,8/4/2025
912,912,25,29,4,yes,8/12/2025
913,913,33,1,4,yes,8/22/2025
914,914,40,18,2,yes,7/21/2025
915,915,44,31,1,yes,7/2/2025
916,916,38,16,2,yes,8/20/2025
917,917,25,26,4,yes,8/3/2025
918,918,44,13,1,yes,8/26/2025
919,919,13,32,1,yes,8/24/2025
920,920,23,12,3,yes,8/24/2025
921,921,47,6,4,yes,8/4/2025
922,922,19,0,1,no,8/5/2025
923,923,52,12,1,yes,8/28/2025
924,924,85,8,1,yes,8/8/2025
925,925,28,12,5,yes,7/8/2025
926,926,45,13,2,no,8/10/2025
927,927,51,8,3,yes,7/23/2025
928,928,21,0,3,yes,7/7/2025
929,929,8,12,5,yes,8/29/2025
930,930,37,11,5,yes,7/29/2025
931,931,60,30,1,yes,8/20/2025
932,932,36,0,4,yes,7/1/2025
933,933,33,12,5,yes,7/20/2025
934,934,32,11,5,no,8/8/2025
935,935,32,14,2,yes,8/18/2025
936,936,32,20,5,no,8/31/2025
937,937,47,8,3,yes,8/28/2025
938,938,61,8,1,yes,7/6/2025
939,939,17,21,2,no,7/15/2025
940,940,29,21,2,yes,7/5/2025
941,941,5,31,2,yes,7/23/2025
942,942,52,2,2,no,7/3/2025
943,943,19,34,5,no,8/25/2025
944,944,30,9,3,yes,7/4/2025
945,945,8,14,2,yes,8/13/2025
946,946,38,25,1,no,7/31/2025
947,947,21,2,4,yes,8/5/2025
948,948,48,28,3,yes,8/15/2025
949,949,18,28,4,yes,7/1/2025
950,950,42,28,4,yes,7/5/2025
951,951,40,0,2,no,8/20/2025
952,952,39,28,2,yes,8/11/2025
953,953,28,14,2,no,7/25/2025
954,954,39,0,5,no,7/24/2025
955,955,67,8,1,yes,8/1/2025
956,956,49,17,1,yes,7/8/2025
957,957,60,22,5,yes,8/23/2025
958,958,38,9,1,yes,8/27/2025
959,959,53,0,1,yes,7/9/2025
960,960,51,7,2,no,8/9/2025
961,961,60,19,5,no,7/13/2025
962,962,51,18,1,yes,7/23/2025
963,963,15,9,5,no,8/2/2025
964,964,52,19,4,yes,8/28/2025
965,965,59,22,2,yes,8/20/2025
966,966,27,10,2,yes,8/20/2025
967,967,43,0,3,yes,7/22/2025
968,968,67,22,5,yes,8/12/2025
969,969,60,2,5,yes,8/24/2025
970,970,60,40,1,yes,8/26/2025
971,971,22,25,5,yes,8/10/2025
972,972,42,2,1,yes,7/26/2025
973,973,49,26,5,yes,7/19/2025
974,974,32,29,3,yes,7/11/2025
975,975,16,3,1,yes,8/18/2025
976,976,44,18,1,yes,8/20/2025
977,977,31,26,4,yes,7/8/2025
978,978,49,26,4,yes,8/19/2025
979,979,40,24,1,no,8/26/2025
980,980,35,38,5,yes,7/17/2025
981,981,29,39,3,yes,8/21/2025
982,982,42,4,4,yes,8/26/2025
983,983,62,19,5,yes,8/14/2025
984,984,54,30,5,yes,7/7/2025
985,985,47,12,3,yes,8/19/2025
986,986,56,18,5,yes,7/18/2025
987,987,52,0,4,yes,7/17/2025
988,988,48,11,3,yes,7/23/2025
989,989,66,24,1,yes,7/1/2025
990,990,45,22,5,yes,8/24/2025
991,991,27,34,3,yes,8/28/2025
992,992,71,21,5,yes,8/22/2025
993,993,65,12,2,yes,7/30/2025
994,994,30,18,3,yes,7/28/2025
995,995,48,14,5,yes,8/13/2025
996,996,50,21,5,yes,8/28/2025
997,997,27,23,3,yes,7/3/2025
998,998,54,19,4,yes,8/8/2025
999,999,59,5,3,yes,7/10/2025
1000,1000,49,6,5,yes,7/19/2025
1001,1001,25,11,5,yes,8/29/2025
1002,1002,27,12,4,no,7/12/2025
1003,1003,38,26,3,yes,8/13/2025
1004,1004,37,2,5,yes,7/26/2025
1005,1005,59,9,4,yes,8/26/2025
1006,1006,41,22,5,yes,7/13/2025
1007,1007,44,28,1,yes,8/30/2025
1008,1008,49,9,3,yes,8/3/2025
1009,1009,74,19,4,yes,7/19/2025
1010,1010,39,27,4,no,7/21/2025
1011,1011,45,21,5,no,7/9/2025
1012,1012,79,15,4,yes,8/21/2025
1013,1013,37,19,4,no,7/6/2025
1014,1014,58,2,1,yes,7/25/2025
1015,1015,12,12,2,yes,8/4/2025
1016,1016,17,13,4,yes,8/19/2025
1017,1017,49,9,2,yes,8/3/2025
1018,1018,20,18,2,yes,8/30/2025
1019,1019,54,1,4,no,8/8/2025
1020,1020,54,26,4,yes,7/3/2025
1021,1021,56,30,1,yes,7/25/2025
1022,1022,75,14,2,yes,8/17/2025
1023,1023,43,13,4,yes,7/19/2025
1024,1024,42,33,1,yes,8/27/2025
1025,1025,21,9,3,yes,8/1/2025
1026,1026,62,28,2,yes,8/15/2025
1027,1027,36,26,2,yes,7/18/2025
1028,1028,47,33,2,no,7/22/2025
1029,1029,43,28,2,yes,8/17/2025
1030,1030,81,23,4,yes,7/1/2025
1031,1031,42,25,5,yes,8/23/2025
1032,1032,36,41,5,yes,7/20/2025
1033,1033,44,15,5,yes,7/5/2025
1034,1034,29,28,4,yes,7/24/2025
1035,1035,55,13,1,yes,7/10/2025
1036,1036,50,2,1,yes,8/28/2025
1037,1037,44,22,2,yes,8/19/2025
1038,1038,67,10,1,yes,7/8/2025
1039,1039,22,9,5,yes,8/28/2025
1040,1040,21,31,4,yes,8/9/2025
1041,1041,65,21,5,yes,8/12/2025
1042,1042,60,19,2,yes,7/9/2025
1043,1043,40,14,1,yes,7/6/2025
1044,1044,37,2,2,no,8/7/2025
1045,1045,45,17,3,no,8/26/2025
1046,1046,53,18,2,yes,8/20/2025
1047,1047,39,9,3,no,8/11/2025
1048,1048,43,25,1,yes,7/2/2025
1049,1049,24,18,5,no,8/1/2025
1050,1050,45,10,5,yes,8/14/2025
1051,1051,33,20,2,yes,8/10/2025
1052,1052,24,21,4,no,7/31/2025
1053,1053,28,28,5,yes,7/10/2025
1054,1054,77,9,3,yes,7/10/2025
1055,1055,50,10,1,no,7/28/2025
1056,1056,57,5,5,yes,7/6/2025
1057,1057,49,9,2,yes,8/30/2025
1058,1058,38,7,5,no,8/27/2025
1059,1059,54,9,5,yes,7/7/2025
1060,1060,50,14,1,no,8/21/2025
1061,1061,40,19,5,yes,8/25/2025
1062,1062,30,20,3,yes,7/27/2025
1063,1063,64,10,3,no,8/3/2025
1064,1064,59,32,5,yes,7/28/2025
1065,1065,29,3,2,yes,7/24/2025
1066,1066,46,12,5,yes,7/19/2025
1067,1067,70,18,3,no,7/27/2025
1068,1068,29,6,2,yes,7/20/2025
1069,1069,58,12,5,yes,8/4/2025
1070,1070,42,27,2,yes,8/18/2025
1071,1071,34,17,4,yes,7/10/2025
1072,1072,41,24,3,yes,8/17/2025
1073,1073,50,15,2,yes,7/21/2025
1074,1074,42,14,2,yes,7/5/2025
1075,1075,19,20,4,no,8/13/2025
1076,1076,70,9,5,yes,8/5/2025
1077,1077,30,9,1,yes,7/16/2025
1078,1078,52,22,3,yes,7/15/2025
1079,1079,39,8,5,yes,7/12/2025
1080,1080,43,2,5,no,7/11/2025
1081,1081,44,26,1,no,7/29/2025
1082,1082,23,2,4,yes,7/25/2025
1083,1083,65,11,4,yes,8/4/2025
1084,1084,59,16,2,yes,8/1/2025
1085,1085,39,22,3,yes,8/14/2025
1086,1086,28,19,5,yes,8/16/2025
1087,1087,36,4,2,yes,7/31/2025
1088,1088,47,15,3,yes,8/13/2025
1089,1089,39,5,2,yes,7/25/2025
1090,1090,65,26,5,yes,7/13/2025
1091,1091,56,14,1,yes,8/18/2025
1092,1092,16,37,2,yes,7/7/2025
1093,1093,41,10,1,yes,7/19/2025
1094,1094,48,29,1,yes,8/31/2025
1095,1095,41,30,3,yes,8/10/2025
1096,1096,58,7,1,yes,7/25/2025
1097,1097,31,27,1,yes,7/19/2025
1098,1098,1,16,3,yes,8/20/2025
1099,1099,20,13,5,yes,7/20/2025
1100,1100,37,14,3,yes,7/20/2025
1101,1101,33,7,3,no,7/14/2025
1102,1102,76,36,1,yes,8/9/2025
1103,1103,24,33,4,yes,7/8/2025
1104,1104,36,19,3,yes,8/22/2025
1105,1105,41,11,2,no,8/20/2025
1106,1106,56,19,5,no,7/11/2025
1107,1107,34,4,5,yes,8/9/2025
1108,1108,28,1,4,yes,7/2/2025
1109,1109,42,6,1,yes,8/20/2025
1110,1110,38,31,3,yes,7/20/2025
1111,1111,59,17,5,yes,7/24/2025
1112,1112,40,36,5,yes,8/22/2025
1113,1113,49,14,5,yes,8/10/2025
1114,1114,20,21,1,yes,8/3/2025
1115,1115,54,11,5,yes,8/29/2025
1116,1116,46,14,4,yes,7/4/2025
1117,1117,39,0,2,yes,8/6/2025
1118,1118,38,27,5,yes,8/8/2025
1119,1119,32,18,3,yes,7/28/2025
1120,1120,30,21,2,yes,8/1/2025
1121,1121,38,8,3,yes,7/3/2025
1122,1122,61,27,2,yes,7/11/2025
1123,1123,32,22,2,yes,8/25/2025
1124,1124,50,24,5,yes,8/5/2025
1125,1125,16,28,1,no,7/29/2025
1126,1126,33,14,1,yes,7/14/2025
1127,1127,81,21,1,no,8/16/2025
1128,1128,36,0,5,yes,7/26/2025
1129,1129,62,4,5,yes,7/30/2025
1130,1130,26,14,4,yes,8/1/2025
1131,1131,63,25,3,yes,7/2/2025
1132,1132,39,21,2,yes,7/27/2025
1133,1133,32,19,3,yes,7/1/2025
1134,1134,43,27,4,yes,8/15/2025
1135,1135,56,22,2,yes,8/5/2025
1136,1136,36,25,2,yes,8/31/2025
1137,1137,40,7,2,yes,8/11/2025
1138,1138,35,18,5,yes,8/7/2025
1139,1139,55,16,2,no,8/2/2025
1140,1140,23,18,4,no,8/4/2025
1141,1141,43,19,2,yes,8/20/2025
1142,1142,55,28,3,yes,7/9/2025
1143,1143,33,11,4,yes,8/20/2025
1144,1144,26,24,2,yes,7/13/2025
1145,1145,63,14,1,no,8/16/2025
1146,1146,38,32,3,yes,8/23/2025
1147,1147,49,22,4,yes,8/12/2025
1148,1148,24,24,1,no,7/26/2025
1149,1149,28,6,4,yes,7/18/2025
1150,1150,36,12,5,yes,7/15/2025
1151,1151,38,3,1,yes,7/17/2025
1152,1152,56,29,3,yes,7/22/2025
1153,1153,12,27,5,yes,7/18/2025
1154,1154,29,26,5,no,8/5/2025
1155,1155,40,18,1,yes,8/3/2025
1156,1156,39,30,3,no,8/21/2025
1157,1157,23,24,4,yes,7/10/2025
1158,1158,58,25,3,yes,7/2/2025
1159,1159,76,12,4,yes,7/30/2025
1160,1160,56,16,5,yes,7/31/2025
1161,1161,60,17,1,yes,8/15/2025
1162,1162,36,31,2,yes,7/17/2025
1163,1163,34,3,5,yes,8/14/2025
1164,1164,34,24,4,yes,8/7/2025
1165,1165,62,19,3,no,8/17/2025
1166,1166,61,4,5,yes,8/15/2025
1167,1167,35,15,3,yes,7/17/2025
1168,1168,40,18,2,yes,7/16/2025
1169,1169,52,13,4,yes,7/13/2025
1170,1170,44,17,1,yes,8/24/2025
1171,1171,28,16,4,yes,8/14/2025
1172,1172,39,16,4,yes,8/1/2025
1173,1173,42,18,2,yes,7/30/2025
1174,1174,35,30,4,yes,7/31/2025
1175,1175,24,10,4,yes,7/14/2025
1176,1176,83,7,3,yes,7/28/2025
1177,1177,21,25,1,yes,8/19/2025
1178,1178,10,15,3,yes,7/17/2025
1179,1179,74,2,5,yes,7/23/2025
1180,1180,12,3,2,yes,8/5/2025
1181,1181,55,29,1,no,8/11/2025
1182,1182,34,24,5,yes,7/12/2025
1183,1183,62,35,4,yes,8/24/2025
1184,1184,38,0,2,yes,8/8/2025
1185,1185,29,13,5,yes,8/21/2025
1186,1186,38,16,4,yes,7/8/2025
1187,1187,58,30,3,no,7/3/2025
1188,1188,39,28,1,yes,7/15/2025
1189,1189,47,18,5,yes,7/20/2025
1190,1190,55,18,5,no,7/20/2025
1191,1191,72,3,3,yes,7/13/2025
1192,1192,34,16,4,no,8/1/2025
1193,1193,48,30,5,yes,7/5/2025
1194,1194,41,3,3,no,8/8/2025
1195,1195,54,25,1,yes,8/25/2025
1196,1196,12,17,5,no,7/7/2025
1197,1197,18,11,4,yes,8/28/2025
1198,1198,28,26,3,yes,8/15/2025
1199,1199,43,5,5,yes,8/23/2025
1200,1200,55,3,5,yes,7/6/2025
1201,1201,46,9,3,no,7/31/2025
1202,1202,36,23,2,yes,8/29/2025
1203,1203,49,31,1,yes,8/9/2025
1204,1204,40,21,5,yes,8/12/2025
1205,1205,35,19,2,yes,7/12/2025
1206,1206,48,17,1,yes,7/26/2025
1207,1207,14,21,1,yes,7/12/2025
1208,1208,47,11,2,yes,7/28/2025
1209,1209,22,32,3,yes,7/12/2025
1210,1210,49,15,1,yes,8/21/2025
1211,1211,24,9,4,yes,7/29/2025
1212,1212,61,19,2,no,8/28/2025
1213,1213,33,23,3,yes,7/31/2025
1214,1214,29,33,1,yes,8/18/2025
1215,1215,62,13,3,yes,8/13/2025
1216,1216,32,0,4,yes,7/11/2025
1217,1217,19,4,4,yes,7/8/2025
1218,1218,44,14,1,yes,7/20/2025
1219,1219,21,15,5,yes,8/31/2025
1220,1220,49,23,4,yes,7/14/2025
1221,1221,13,16,2,yes,8/24/2025
1222,1222,21,27,4,yes,8/31/2025
1223,1223,53,9,5,yes,7/22/2025
1224,1224,30,13,4,yes,8/14/2025
1225,1225,8,21,5,no,8/13/2025
1226,1226,37,27,5,yes,7/5/2025
1227,1227,25,11,1,no,8/3/2025
1228,1228,19,7,3,yes,7/31/2025
1229,1229,24,27,2,no,8/2/2025
1230,1230,31,19,4,no,7/31/2025
1231,1231,36,5,5,yes,7/14/2025
1232,1232,39,23,2,no,7/27/2025
1233,1233,23,26,3,yes,8/1/2025
1234,1234,29,13,1,yes,7/13/2025
1235,1235,49,11,2,yes,8/23/2025
1236,1236,42,14,4,yes,8/26/2025
1237,1237,43,0,3,yes,8/21/2025
1238,1238,14,24,3,yes,8/3/2025
1239,1239,57,8,4,yes,7/25/2025
1240,1240,38,20,4,yes,8/22/2025
1241,1241,52,0,5,yes,7/29/2025
1242,1242,28,14,1,yes,8/23/2025
1243,1243,52,42,2,yes,7/29/2025
1244,1244,38,3,3,no,8/11/2025
1245,1245,48,31,1,yes,7/9/2025
1246,1246,43,8,3,yes,7/24/2025
1247,1247,56,24,2,yes,7/11/2025
1248,1248,26,21,5,yes,8/5/2025
1249,1249,56,29,3,yes,8/17/2025
1250,1250,41,14,5,yes,7/21/2025
1251,1251,60,5,2,yes,7/17/2025
1252,1252,48,4,3,no,7/16/2025
1253,1253,57,15,4,yes,7/23/2025
1254,1254,61,22,3,yes,8/30/2025
1255,1255,23,32,1,yes,7/31/2025
1256,1256,65,26,5,yes,7/15/2025
1257,1257,30,14,5,yes,8/16/2025
1258,1258,44,10,5,yes,7/26/2025
1259,1259,67,19,5,yes,8/16/2025
1260,1260,1,21,5,yes,7/27/2025
1261,1261,36,17,5,yes,8/17/2025
1262,1262,36,26,5,yes,8/28/2025
1263,1263,58,20,3,yes,7/2/2025
1264,1264,36,17,4,yes,7/14/2025
1265,1265,42,9,1,no,8/26/2025
1266,1266,50,22,3,yes,7/1/2025
1267,1267,65,30,4,yes,8/21/2025
1268,1268,31,26,3,yes,7/21/2025
1269,1269,27,24,1,yes,8/17/2025
1270,1270,34,7,2,yes,8/3/2025
1271,1271,46,0,2,no,7/29/2025
1272,1272,15,16,5,yes,7/13/2025
1273,1273,43,14,3,no,7/30/2025
1274,1274,18,9,3,yes,7/18/2025
1275,1275,47,23,4,no,8/17/2025
1276,1276,41,29,1,yes,8/24/2025
1277,1277,47,10,2,no,7/13/2025
1278,1278,37,3,5,yes,7/17/2025
1279,1279,40,29,1,yes,7/10/2025
1280,1280,52,32,1,yes,8/18/2025
1281,1281,37,31,5,yes,8/22/2025
1282,1282,39,32,1,yes,7/6/2025
1283,1283,41,25,1,yes,8/1/2025
1284,1284,64,16,4,yes,8/21/2025
1285,1285,45,30,5,yes,8/25/2025
1286,1286,40,4,5,yes,7/26/2025
1287,1287,74,13,3,no,7/17/2025
1288,1288,44,29,5,no,7/31/2025
1289,1289,32,7,5,yes,7/13/2025
1290,1290,45,0,5,yes,7/16/2025
1291,1291,37,20,1,yes,7/17/2025
1292,1292,37,2,3,yes,7/21/2025
1293,1293,65,19,4,no,7/24/2025
1294,1294,63,15,3,yes,7/31/2025
1295,1295,28,20,5,yes,8/24/2025
1296,1296,38,6,3,yes,8/21/2025
1297,1297,64,11,3,yes,8/19/2025
1298,1298,14,31,2,yes,7/12/2025
1299,1299,34,11,4,yes,7/26/2025
1300,1300,15,35,5,yes,7/28/2025
1301,1301,22,18,4,yes,7/6/2025
1302,1302,55,22,5,yes,7/8/2025
1303,1303,41,0,2,yes,7/16/2025
1304,1304,29,19,4,no,8/25/2025
1305,1305,30,20,2,yes,7/9/2025
1306,1306,52,27,2,yes,7/17/2025
1307,1307,23,39,3,yes,8/7/2025
1308,1308,53,17,5,no,8/31/2025
1309,1309,58,41,1,yes,8/31/2025
1310,1310,20,15,2,no,7/16/2025
1311,1311,6,19,4,yes,8/2/2025
1312,1312,47,17,4,yes,8/28/2025
1313,1313,32,0,5,yes,7/1/2025
1314,1314,47,32,4,yes,8/18/2025
1315,1315,33,22,1,yes,8/18/2025
1316,1316,18,22,4,yes,7/24/2025
1317,1317,36,10,1,no,8/22/2025
1318,1318,30,14,4,yes,8/1/2025
1319,1319,47,4,1,no,8/3/2025
1320,1320,36,17,2,yes,8/13/2025
1321,1321,25,35,3,yes,8/16/2025
1322,1322,29,11,3,yes,7/13/2025
1323,1323,27,35,1,yes,8/3/2025
1324,1324,50,8,3,yes,7/28/2025
1325,1325,58,20,3,yes,8/14/2025
1326,1326,45,14,1,no,8/26/2025
1327,1327,30,21,3,yes,7/31/2025
1328,1328,33,36,2,yes,8/9/2025
1329,1329,22,33,1,yes,8/25/2025
1330,1330,40,20,4,yes,8/22/2025
1331,1331,54,11,5,yes,8/12/2025
1332,1332,54,0,4,yes,7/17/2025
1333,1333,31,8,2,yes,7/6/2025
1334,1334,23,15,4,yes,8/3/2025
1335,1335,47,25,3,yes,8/2/2025
1336,1336,45,11,3,no,7/18/2025
1337,1337,47,19,1,yes,8/12/2025
1338,1338,56,25,5,no,8/17/2025
1339,1339,42,9,5,yes,7/13/2025
1340,1340,32,12,2,no,7/3/2025
1341,1341,37,20,4,yes,7/24/2025
1342,1342,52,17,4,yes,8/15/2025
1343,1343,42,19,3,yes,8/9/2025
1344,1344,34,8,5,yes,7/8/2025
1345,1345,15,11,3,yes,8/23/2025
1346,1346,49,10,1,no,8/8/2025
1347,1347,38,22,5,yes,7/26/2025
1348,1348,49,7,4,yes,7/2/2025
1349,1349,56,29,5,yes,7/11/2025
1350,1350,25,9,2,yes,8/31/2025
1351,1351,59,16,4,yes,7/1/2025
1352,1352,8,4,2,yes,8/8/2025
1353,1353,38,6,5,yes,7/23/2025
1354,1354,35,18,3,yes,8/23/2025
1355,1355,63,15,1,yes,8/13/2025
1356,1356,58,32,4,yes,7/11/2025
1357,1357,63,20,1,yes,8/25/2025
1358,1358,12,22,5,yes,7/6/2025
1359,1359,57,17,5,no,7/21/2025
1360,1360,68,26,1,yes,7/9/2025
1361,1361,50,28,2,yes,8/30/2025
1362,1362,47,0,5,yes,7/3/2025
1363,1363,34,29,4,no,7/9/2025
1364,1364,29,15,1,yes,8/25/2025
1365,1365,26,35,1,yes,7/3/2025
1366,1366,67,9,5,yes,8/31/2025
1367,1367,44,11,1,no,7/23/2025
1368,1368,51,23,3,yes,8/15/2025
1369,1369,54,21,4,yes,8/3/2025
1370,1370,86,7,3,yes,8/22/2025
1371,1371,16,14,4,yes,8/26/2025
1372,1372,18,3,2,yes,8/3/2025
1373,1373,26,8,2,yes,8/15/2025
1374,1374,27,23,3,yes,7/21/2025
1375,1375,34,16,2,yes,7/7/2025
1376,1376,55,10,3,no,8/4/2025
1377,1377,38,21,2,yes,8/25/2025
1378,1378,12,0,2,yes,8/25/2025
1379,1379,47,22,2,yes,7/18/2025
1380,1380,72,19,2,yes,8/25/2025
1381,1381,54,16,1,yes,7/12/2025
1382,1382,46,34,3,yes,7/30/2025
1383,1383,10,22,4,yes,8/20/2025
1384,1384,74,20,5,yes,7/6/2025
1385,1385,66,11,3,no,8/7/2025
1386,1386,41,18,1,yes,8/29/2025
1387,1387,8,6,5,yes,7/28/2025
1388,1388,25,26,5,yes,7/20/2025
1389,1389,55,21,3,yes,7/30/2025
1390,1390,54,16,4,yes,8/21/2025
1391,1391,60,18,3,yes,8/15/2025
1392,1392,42,15,3,yes,7/19/2025
1393,1393,52,13,5,yes,8/26/2025
1394,1394,56,6,3,yes,8/2/2025
1395,1395,25,24,5,yes,7/17/2025
1396,1396,40,13,3,yes,7/19/2025
1397,1397,55,11,1,yes,7/22/2025
1398,1398,38,31,1,yes,8/24/2025
1399,1399,65,33,4,yes,7/24/2025
1400,1400,37,30,3,yes,8/8/2025
1401,1401,27,8,2,yes,7/22/2025
1402,1402,6,34,5,yes,8/24/2025
1403,1403,29,16,1,yes,8/15/2025
1404,1404,28,24,2,yes,7/29/2025
1405,1405,36,4,4,yes,7/20/2025
1406,1406,48,3,4,yes,7/29/2025
1407,1407,29,0,4,no,7/18/2025
1408,1408,20,19,3,yes,7/12/2025
1409,1409,12,3,3,yes,8/15/2025
1410,1410,41,12,1,yes,8/2/2025
1411,1411,71,36,4,yes,7/19/2025
1412,1412,28,23,5,yes,7/16/2025
1413,1413,53,12,4,yes,8/9/2025
1414,1414,19,17,1,yes,7/4/2025
1415,1415,39,13,3,no,8/27/2025
1416,1416,48,10,3,yes,7/19/2025
1417,1417,24,19,5,yes,8/6/2025
1418,1418,47,6,4,yes,7/17/2025
1419,1419,55,0,1,yes,7/9/2025
1420,1420,33,15,2,yes,7/22/2025
1421,1421,32,12,4,yes,8/1/2025
1422,1422,70,9,1,yes,7/24/2025
1423,1423,78,22,5,yes,8/27/2025
1424,1424,43,22,1,no,8/19/2025
1425,1425,79,8,4,yes,7/17/2025
1426,1426,25,10,5,yes,7/2/2025
1427,1427,42,0,4,yes,8/20/2025
1428,1428,42,34,2,no,7/10/2025
1429,1429,44,15,4,yes,7/31/2025
1430,1430,32,26,4,yes,8/21/2025
1431,1431,29,36,1,no,8/22/2025
1432,1432,71,20,3,no,8/14/2025
1433,1433,41,28,2,yes,8/1/2025
1434,1434,58,9,1,yes,7/19/2025
1435,1435,34,4,3,yes,7/16/2025
1436,1436,48,24,3,yes,8/9/2025
1437,1437,21,13,3,no,7/24/2025
1438,1438,21,9,4,yes,8/31/2025
1439,1439,50,10,1,yes,8/5/2025
1440,1440,37,1,2,yes,8/20/2025
1441,1441,44,17,4,yes,8/25/2025
1442,1442,31,16,4,yes,7/4/2025
1443,1443,44,9,5,yes,8/9/2025
1444,1444,19,36,3,yes,7/20/2025
1445,1445,32,17,5,yes,8/2/2025
1446,1446,57,53,4,yes,7/4/2025
1447,1447,23,22,3,yes,7/31/2025
1448,1448,31,12,1,yes,7/22/2025
1449,1449,31,6,4,yes,8/19/2025
1450,1450,41,3,2,yes,8/15/2025
1451,1451,56,18,5,yes,7/15/2025
1452,1452,48,13,2,yes,7/25/2025
1453,1453,36,20,1,yes,8/9/2025
1454,1454,24,14,2,no,8/12/2025
1455,1455,29,9,4,yes,8/6/2025
1456,1456,10,31,5,no,8/4/2025
1457,1457,31,29,3,yes,7/2/2025
1458,1458,58,5,1,yes,7/24/2025
1459,1459,25,43,5,yes,7/6/2025
1460,1460,68,17,1,yes,8/23/2025
1461,1461,45,11,2,yes,7/11/2025
1462,1462,48,10,4,yes,7/3/2025
1463,1463,11,4,5,yes,8/13/2025
1464,1464,42,6,2,yes,8/30/2025
1465,1465,40,7,5,yes,8/1/2025
1466,1466,30,26,5,yes,8/28/2025
1467,1467,45,17,1,yes,8/26/2025
1468,1468,55,22,2,yes,8/10/2025
1469,1469,63,13,4,yes,8/30/2025
1470,1470,35,4,1,yes,8/9/2025
1471,1471,35,27,2,yes,7/19/2025
1472,1472,61,27,4,yes,8/18/2025
1473,1473,15,28,4,yes,7/28/2025
1474,1474,14,26,4,yes,8/26/2025
1475,1475,36,25,3,no,8/21/2025
1476,1476,22,29,2,yes,8/4/2025
1477,1477,20,11,2,yes,8/14/2025
1478,1478,27,0,1,yes,7/12/2025
1479,1479,43,36,4,yes,7/31/2025
1480,1480,82,18,3,yes,8/22/2025
1481,1481,58,20,4,yes,8/24/2025
1482,1482,49,14,1,yes,8/11/2025
1483,1483,44,23,5,yes,8/13/2025
1484,1484,33,17,2,yes,8/8/2025
1485,1485,41,26,4,yes,7/29/2025
1486,1486,26,17,5,yes,7/21/2025
1487,1487,70,29,5,yes,8/14/2025
1488,1488,62,18,5,yes,8/22/2025
1489,1489,46,28,3,yes,8/6/2025
1490,1490,65,0,2,yes,8/3/2025
1491,1491,22,31,4,yes,7/20/2025
1492,1492,37,11,3,yes,8/9/2025
1493,1493,23,12,2,no,8/6/2025
1494,1494,20,38,5,yes,7/16/2025
1495,1495,41,17,1,yes,7/22/2025
1496,1496,50,27,4,yes,8/11/2025
1497,1497,56,28,2,yes,7/18/2025
1498,1498,32,15,1,no,8/10/2025
1499,1499,53,12,4,yes,8/7/2025
1500,1500,41,21,1,yes,8/30/2025
1501,1501,53,0,5,yes,7/18/2025
1502,1502,52,15,5,yes,7/27/2025
1503,1503,52,25,5,yes,8/27/2025
1504,1504,66,31,1,yes,8/4/2025
1505,1505,62,32,2,yes,8/6/2025
1506,1506,46,18,2,yes,8/19/2025
1507,1507,55,25,2,yes,8/5/2025
1508,1508,37,22,4,yes,8/27/2025
1509,1509,41,9,1,yes,7/14/2025
1510,1510,61,18,2,yes,8/5/2025
1511,1511,72,1,3,yes,7/25/2025
1512,1512,33,18,1,yes,7/27/2025
1513,1513,59,21,4,no,8/15/2025
1514,1514,46,6,5,no,8/1/2025
1515,1515,24,21,5,yes,8/29/2025
1516,1516,21,12,3,yes,7/21/2025
1517,1517,49,8,5,yes,8/21/2025
1518,1518,66,30,3,yes,7/29/2025
1519,1519,18,8,4,yes,8/12/2025
1520,1520,7,10,3,yes,7/30/2025
1521,1521,53,13,5,yes,8/13/2025
1522,1522,48,2,1,yes,7/23/2025
1523,1523,53,12,3,yes,8/17/2025
1524,1524,42,17,2,no,8/10/2025
1525,1525,22,6,4,yes,7/17/2025
1526,1526,56,21,3,no,7/17/2025
1527,1527,57,21,2,no,8/28/2025
1528,1528,44,0,2,yes,7/3/2025
1529,1529,37,17,3,yes,7/17/2025
1530,1530,71,24,4,yes,8/26/2025
1531,1531,65,23,3,yes,7/12/2025
1532,1532,31,19,1,yes,7/10/2025
1533,1533,45,8,1,no,8/2/2025
1534,1534,36,15,4,yes,7/30/2025
1535,1535,66,0,1,no,7/9/2025
1536,1536,60,8,1,yes,7/6/2025
1537,1537,21,29,5,yes,8/3/2025
1538,1538,52,30,3,yes,8/12/2025
1539,1539,54,38,1,yes,7/27/2025
1540,1540,50,16,3,yes,7/16/2025
1541,1541,47,30,2,yes,8/24/2025
1542,1542,30,11,5,yes,8/4/2025
1543,1543,37,0,1,yes,7/13/2025
1544,1544,44,0,2,yes,8/15/2025
1545,1545,42,26,5,yes,8/29/2025
1546,1546,34,34,4,no,7/27/2025
1547,1547,20,29,2,yes,8/1/2025
1548,1548,52,0,5,yes,7/4/2025
1549,1549,82,17,3,yes,7/14/2025
1550,1550,28,3,5,yes,7/26/2025
1551,1551,38,16,1,no,8/17/2025
1552,1552,43,15,5,yes,7/5/2025
1553,1553,51,14,4,yes,7/24/2025
1554,1554,12,16,2,yes,7/6/2025
1555,1555,6,21,5,yes,7/30/2025
1556,1556,27,19,3,yes,8/19/2025
1557,1557,61,8,4,yes,8/8/2025
1558,1558,57,13,1,yes,7/9/2025
1559,1559,68,14,4,yes,7/12/2025
1560,1560,29,24,3,yes,7/28/2025
1561,1561,35,9,1,no,8/21/2025
1562,1562,34,17,3,yes,8/27/2025
1563,1563,62,0,5,yes,7/3/2025
1564,1564,42,24,3,no,7/1/2025
1565,1565,44,31,4,yes,8/27/2025
1566,1566,40,16,3,yes,7/3/2025
1567,1567,50,18,4,yes,8/8/2025
1568,1568,36,23,2,no,7/9/2025
1569,1569,32,11,1,yes,8/7/2025
1570,1570,34,31,4,yes,8/21/2025
1571,1571,0,21,2,yes,7/8/2025
1572,1572,42,1,3,no,7/16/2025
1573,1573,46,22,2,yes,7/16/2025
1574,1574,50,0,1,yes,7/29/2025
1575,1575,62,10,3,yes,7/6/2025
1576,1576,52,25,2,yes,7/27/2025
1577,1577,28,24,3,yes,7/3/2025
1578,1578,36,0,2,yes,7/26/2025
1579,1579,59,10,1,no,8/31/2025
1580,1580,29,13,3,yes,7/2/2025
1581,1581,46,17,4,yes,7/17/2025
1582,1582,50,4,4,yes,7/22/2025
1583,1583,30,16,2,yes,8/30/2025
1584,1584,70,16,2,no,8/13/2025
1585,1585,58,18,2,yes,8/27/2025
1586,1586,34,15,4,yes,7/10/2025
1587,1587,39,24,4,yes,7/8/2025
1588,1588,62,21,1,yes,8/31/2025
1589,1589,59,8,3,no,8/24/2025
1590,1590,35,10,4,yes,7/3/2025
1591,1591,46,14,4,yes,7/21/2025
1592,1592,52,8,4,no,8/19/2025
1593,1593,42,24,1,no,7/6/2025
1594,1594,11,39,5,yes,7/25/2025
1595,1595,37,0,4,no,8/8/2025
1596,1596,44,18,2,yes,7/16/2025
1597,1597,40,27,3,yes,7/13/2025
1598,1598,53,20,5,yes,8/18/2025
1599,1599,48,16,2,yes,8/25/2025
1600,1600,68,3,3,yes,7/19/2025
1601,1601,44,18,5,yes,8/31/2025
1602,1602,54,9,1,no,7/27/2025
1603,1603,15,19,3,yes,7/4/2025
1604,1604,46,32,4,yes,7/13/2025
1605,1605,22,29,2,no,8/15/2025
1606,1606,77,14,5,yes,7/10/2025
1607,1607,22,13,3,yes,8/13/2025
1608,1608,42,23,3,yes,8/3/2025
1609,1609,33,33,3,yes,8/13/2025
1610,1610,25,0,3,yes,8/6/2025
1611,1611,58,0,1,yes,7/3/2025
1612,1612,38,49,3,yes,8/19/2025
1613,1613,41,6,1,yes,7/20/2025
1614,1614,41,17,5,yes,8/19/2025
1615,1615,44,24,3,yes,8/8/2025
1616,1616,26,34,2,yes,7/26/2025
1617,1617,45,25,3,yes,7/15/2025
1618,1618,32,30,4,yes,7/16/2025
1619,1619,38,20,1,yes,8/15/2025
1620,1620,28,8,3,yes,7/13/2025
1621,1621,52,13,4,yes,7/4/2025
1622,1622,29,11,1,yes,8/4/2025
1623,1623,52,11,3,yes,8/19/2025
1624,1624,40,18,3,yes,8/29/2025
1625,1625,13,3,4,yes,8/11/2025
1626,1626,47,10,2,yes,7/30/2025
1627,1627,57,27,1,yes,8/17/2025
1628,1628,52,36,3,yes,7/8/2025
1629,1629,40,24,2,yes,8/14/2025
1630,1630,33,42,5,yes,8/27/2025
1631,1631,71,18,2,no,8/28/2025
1632,1632,47,31,5,yes,7/6/2025
1633,1633,39,11,4,yes,8/24/2025
1634,1634,55,18,5,yes,8/3/2025
1635,1635,44,9,1,yes,8/8/2025
1636,1636,16,20,4,yes,7/23/2025
1637,1637,55,15,5,yes,8/30/2025
1638,1638,63,10,2,no,8/19/2025
1639,1639,26,17,5,yes,8/18/2025
1640,1640,40,25,1,no,8/13/2025
1641,1641,30,31,3,yes,8/27/2025
1642,1642,71,17,5,yes,7/25/2025
1643,1643,60,7,5,yes,7/13/2025
1644,1644,58,28,2,yes,7/5/2025
1645,1645,54,17,4,yes,8/26/2025
1646,1646,0,11,4,yes,8/1/2025
1647,1647,32,8,1,yes,8/15/2025
1648,1648,43,13,3,yes,7/3/2025
1649,1649,29,7,4,yes,8/15/2025
1650,1650,31,29,3,no,8/25/2025
1651,1651,32,12,3,yes,8/17/2025
1652,1652,35,21,3,yes,8/29/2025
1653,1653,48,0,3,yes,8/12/2025
1654,1654,57,32,4,no,7/25/2025
1655,1655,26,8,3,yes,7/17/2025
1656,1656,35,10,4,yes,7/1/2025
1657,1657,45,0,4,yes,8/11/2025
1658,1658,25,33,3,yes,8/11/2025
1659,1659,28,30,2,yes,8/7/2025
1660,1660,47,0,2,yes,8/18/2025
1661,1661,51,16,2,no,8/23/2025
1662,1662,35,20,4,yes,8/22/2025
1663,1663,49,25,1,yes,7/28/2025
1664,1664,59,22,5,no,7/2/2025
1665,1665,21,13,1,yes,8/8/2025
1666,1666,86,25,2,yes,7/1/2025
1667,1667,77,31,5,yes,8/7/2025
1668,1668,45,21,3,yes,7/1/2025
1669,1669,41,0,5,yes,7/30/2025
1670,1670,42,30,1,yes,7/13/2025
1671,1671,33,22,2,yes,7/26/2025
1672,1672,54,8,2,yes,7/23/2025
1673,1673,35,7,5,yes,8/22/2025
1674,1674,29,5,4,no,8/20/2025
1675,1675,28,32,1,yes,8/12/2025
1676,1676,28,19,5,yes,8/14/2025
1677,1677,34,29,4,yes,8/26/2025
1678,1678,61,26,1,yes,7/22/2025
1679,1679,46,15,4,yes,8/19/2025
1680,1680,24,37,5,no,7/20/2025
1681,1681,30,24,4,yes,8/1/2025
1682,1682,57,12,4,yes,7/21/2025
1683,1683,57,25,5,yes,8/14/2025
1684,1684,67,13,5,yes,8/7/2025
1685,1685,22,12,2,yes,7/23/2025
1686,1686,45,18,1,no,7/24/2025
1687,1687,36,0,4,yes,8/29/2025
1688,1688,49,37,5,no,8/12/2025
1689,1689,48,24,4,yes,8/16/2025
1690,1690,50,21,5,yes,8/9/2025
1691,1691,55,21,2,yes,7/4/2025
1692,1692,37,10,4,yes,7/28/2025
1693,1693,38,21,4,yes,8/26/2025
1694,1694,37,21,5,yes,7/31/2025
1695,1695,48,26,2,yes,7/8/2025
1696,1696,61,18,5,yes,7/8/2025
1697,1697,22,14,4,yes,7/17/2025
1698,1698,42,0,5,yes,7/19/2025
1699,1699,62,19,4,yes,7/16/2025
1700,1700,47,31,3,no,8/9/2025
1701,1701,32,23,5,yes,8/30/2025
1702,1702,40,16,3,yes,7/20/2025
1703,1703,30,34,2,yes,7/24/2025
1704,1704,36,24,4,yes,8/7/2025
1705,1705,13,29,4,yes,7/12/2025
1706,1706,57,18,3,yes,7/3/2025
1707,1707,38,22,1,yes,7/4/2025
1708,1708,76,0,4,no,7/28/2025
1709,1709,53,8,5,yes,7/25/2025
1710,1710,41,15,4,yes,7/6/2025
1711,1711,35,17,5,yes,8/7/2025
1712,1712,24,28,5,yes,7/24/2025
1713,1713,15,23,2,yes,7/14/2025
1714,1714,37,6,1,yes,8/5/2025
1715,1715,45,2,4,yes,7/3/2025
1716,1716,42,3,3,yes,8/3/2025
1717,1717,48,8,2,yes,8/17/2025
1718,1718,35,20,4,yes,7/16/2025
1719,1719,30,17,3,yes,7/12/2025
1720,1720,19,24,4,yes,7/4/2025
1721,1721,68,45,2,yes,7/18/2025
1722,1722,43,25,5,no,7/17/2025
1723,1723,15,33,4,yes,7/8/2025
1724,1724,53,13,2,yes,7/26/2025
1725,1725,60,15,5,no,8/7/2025
1726,1726,35,22,2,yes,7/24/2025
1727,1727,26,28,1,yes,8/6/2025
1728,1728,26,7,2,yes,7/9/2025
1729,1729,28,25,5,yes,7/29/2025
1730,1730,32,4,4,yes,7/22/2025
1731,1731,32,17,1,yes,8/6/2025
1732,1732,24,6,3,yes,8/21/2025
1733,1733,73,9,4,yes,8/18/2025
1734,1734,37,14,1,yes,8/31/2025
1735,1735,35,24,4,yes,8/1/2025
1736,1736,56,14,4,yes,8/6/2025
1737,1737,23,30,1,yes,7/14/2025
1738,1738,40,35,1,no,8/12/2025
1739,1739,8,19,3,yes,8/11/2025
1740,1740,70,14,3,yes,7/16/2025
1741,1741,38,20,5,no,7/5/2025
1742,1742,33,14,1,yes,8/1/2025
1743,1743,36,11,3,yes,8/7/2025
1744,1744,60,22,2,no,7/30/2025
1745,1745,45,26,2,yes,7/18/2025
1746,1746,38,10,5,yes,8/20/2025
1747,1747,32,18,2,yes,8/14/2025
1748,1748,26,12,3,yes,7/23/2025
1749,1749,34,39,4,yes,8/9/2025
1750,1750,0,16,3,yes,8/6/2025
1751,1751,67,19,1,yes,7/25/2025
1752,1752,53,18,4,no,8/21/2025
1753,1753,31,0,5,yes,7/21/2025
1754,1754,45,10,1,yes,8/18/2025
1755,1755,29,13,3,yes,8/29/2025
1756,1756,68,42,5,yes,7/18/2025
1757,1757,45,13,3,yes,7/4/2025
1758,1758,24,22,1,yes,7/10/2025
1759,1759,68,15,4,yes,8/7/2025
1760,1760,6,24,4,yes,7/13/2025
1761,1761,56,2,3,yes,8/7/2025
1762,1762,44,22,2,yes,8/31/2025
1763,1763,40,10,1,yes,8/3/2025
1764,1764,57,13,1,yes,8/26/2025
1765,1765,19,0,5,yes,8/27/2025
1766,1766,60,24,5,yes,7/14/2025
1767,1767,43,13,2,yes,8/25/2025
1768,1768,34,7,5,yes,7/29/2025
1769,1769,35,0,3,yes,7/20/2025
1770,1770,30,14,5,no,7/5/2025
1771,1771,51,17,1,yes,8/15/2025
1772,1772,53,31,4,yes,7/13/2025
1773,1773,57,22,3,yes,7/26/2025
1774,1774,42,8,1,yes,8/25/2025
1775,1775,53,34,4,yes,8/29/2025
1776,1776,47,37,2,yes,7/20/2025
1777,1777,19,6,3,no,7/19/2025
1778,1778,54,20,4,no,7/1/2025
1779,1779,61,17,2,no,8/23/2025
1780,1780,28,15,2,yes,7/17/2025
1781,1781,19,6,4,yes,8/14/2025
1782,1782,56,26,2,yes,7/16/2025
1783,1783,47,0,5,yes,8/1/2025
1784,1784,36,5,1,yes,7/16/2025
1785,1785,59,12,3,yes,7/25/2025
1786,1786,25,18,4,no,8/28/2025
1787,1787,32,32,5,no,8/23/2025
1788,1788,30,4,3,yes,7/4/2025
1789,1789,9,17,1,yes,8/20/2025
1790,1790,33,3,2,no,8/3/2025
1791,1791,59,24,1,yes,8/6/2025
1792,1792,41,31,3,yes,7/13/2025
1793,1793,51,9,3,yes,7/17/2025
1794,1794,26,26,1,yes,7/1/2025
1795,1795,47,19,2,yes,8/10/2025
1796,1796,29,24,1,yes,7/26/2025
1797,1797,30,16,1,yes,7/3/2025
1798,1798,63,11,5,yes,7/17/2025
1799,1799,18,7,1,yes,8/31/2025
1800,1800,56,20,3,yes,7/13/2025
1801,1801,40,12,2,yes,7/28/2025
1802,1802,49,9,4,yes,8/21/2025
1803,1803,46,10,1,yes,7/22/2025
1804,1804,28,11,5,yes,7/5/2025
1805,1805,36,17,3,no,8/14/2025
1806,1806,45,0,3,yes,7/29/2025
1807,1807,29,14,5,yes,7/24/2025
1808,1808,64,7,4,yes,8/6/2025
1809,1809,44,32,1,yes,7/12/2025
1810,1810,22,21,3,yes,7/11/2025
1811,1811,29,12,1,yes,8/25/2025
1812,1812,29,10,1,yes,7/7/2025
1813,1813,82,26,3,yes,8/7/2025
1814,1814,58,22,5,yes,7/8/2025
1815,1815,17,21,3,yes,7/1/2025
1816,1816,58,9,1,yes,8/2/2025
1817,1817,56,25,3,yes,7/26/2025
1818,1818,69,13,5,yes,8/7/2025
1819,1819,25,14,1,yes,7/11/2025
1820,1820,63,0,4,yes,7/1/2025
1821,1821,10,18,1,yes,8/22/2025
1822,1822,35,18,1,yes,7/20/2025
1823,1823,56,12,1,yes,8/9/2025
1824,1824,13,38,5,yes,8/14/2025
1825,1825,27,7,3,yes,8/2/2025
1826,1826,58,14,5,no,7/26/2025
1827,1827,41,22,4,yes,7/20/2025
1828,1828,58,14,5,yes,8/4/2025
1829,1829,64,0,2,yes,8/30/2025
1830,1830,53,9,5,yes,8/12/2025
1831,1831,62,19,4,yes,8/12/2025
1832,1832,31,24,3,no,8/30/2025
1833,1833,55,24,1,no,7/20/2025
1834,1834,26,13,3,yes,8/6/2025
1835,1835,41,17,1,no,8/31/2025
1836,1836,53,0,3,yes,7/10/2025
1837,1837,47,15,1,yes,7/2/2025
1838,1838,29,10,1,yes,7/4/2025
1839,1839,38,0,5,yes,7/9/2025
1840,1840,31,9,2,yes,7/26/2025
1841,1841,49,9,5,yes,8/26/2025
1842,1842,38,33,2,yes,8/4/2025
1843,1843,56,27,3,no,7/1/2025
1844,1844,34,23,2,yes,8/16/2025
1845,1845,38,16,3,yes,8/30/2025
1846,1846,48,12,4,yes,7/6/2025
1847,1847,64,16,2,no,7/11/2025
1848,1848,51,32,1,no,7/21/2025
1849,1849,57,3,2,no,8/31/2025
1850,1850,48,26,3,yes,8/4/2025
1851,1851,55,6,4,yes,7/3/2025
1852,1852,32,27,4,yes,7/2/2025
1853,1853,30,15,3,yes,8/9/2025
1854,1854,65,17,2,yes,8/10/2025
1855,1855,31,9,5,yes,8/1/2025
1856,1856,46,4,4,yes,8/28/2025
1857,1857,38,21,4,yes,8/4/2025
1858,1858,61,24,4,yes,7/9/2025
1859,1859,31,29,1,yes,8/11/2025
1860,1860,37,5,3,yes,7/19/2025
1861,1861,39,32,1,yes,8/23/2025
1862,1862,44,18,2,yes,8/26/2025
1863,1863,66,3,3,no,7/2/2025
1864,1864,22,1,5,yes,8/1/2025
1865,1865,47,19,2,yes,7/30/2025
1866,1866,65,20,2,yes,7/12/2025
1867,1867,35,18,4,yes,8/26/2025
1868,1868,43,1,1,yes,8/21/2025
1869,1869,82,23,5,yes,7/14/2025
1870,1870,45,24,5,yes,8/24/2025
1871,1871,52,16,4,yes,8/31/2025
1872,1872,32,23,2,yes,7/21/2025
1873,1873,47,9,2,yes,8/12/2025
1874,1874,63,20,1,yes,7/11/2025
1875,1875,52,31,5,yes,8/28/2025
1876,1876,42,21,4,yes,8/12/2025
1877,1877,54,10,2,yes,7/30/2025
1878,1878,42,19,5,yes,8/3/2025
1879,1879,27,41,1,yes,8/17/2025
1880,1880,20,5,1,yes,8/11/2025
1881,1881,61,25,2,yes,8/28/2025
1882,1882,26,24,4,yes,7/15/2025
1883,1883,64,17,1,yes,8/8/2025
1884,1884,80,0,3,yes,7/5/2025
1885,1885,52,29,1,yes,8/13/2025
1886,1886,55,15,5,yes,8/13/2025
1887,1887,37,22,1,yes,7/21/2025
1888,1888,54,24,2,yes,7/30/2025
1889,1889,57,7,1,yes,8/22/2025
1890,1890,38,8,4,no,8/11/2025
1891,1891,36,28,1,yes,7/24/2025
1892,1892,43,44,1,yes,8/5/2025
1893,1893,44,18,3,yes,8/12/2025
1894,1894,43,11,5,yes,8/20/2025
1895,1895,41,29,4,yes,7/23/2025
1896,1896,43,10,4,yes,7/27/2025
1897,1897,28,13,4,yes,7/5/2025
1898,1898,43,29,2,yes,7/1/2025
1899,1899,21,14,3,no,7/23/2025
1900,1900,44,0,1,yes,8/22/2025
1901,1901,29,11,3,yes,8/17/2025
1902,1902,30,19,3,yes,7/11/2025
1903,1903,39,12,2,no,8/7/2025
1904,1904,48,35,3,yes,7/13/2025
1905,1905,66,0,2,yes,8/17/2025
1906,1906,50,16,3,yes,7/23/2025
1907,1907,44,14,3,yes,7/27/2025
1908,1908,43,19,2,yes,7/23/2025
1909,1909,33,9,1,no,8/15/2025
1910,1910,35,20,1,yes,7/27/2025
1911,1911,50,26,4,yes,7/7/2025
1912,1912,34,20,2,no,8/21/2025
1913,1913,56,29,4,yes,8/18/2025
1914,1914,41,15,3,yes,7/1/2025
1915,1915,44,6,3,yes,7/17/2025
1916,1916,39,25,1,yes,8/1/2025
1917,1917,51,15,2,yes,7/17/2025
1918,1918,45,9,2,yes,8/14/2025
1919,1919,52,17,4,yes,8/20/2025
1920,1920,37,14,4,no,8/31/2025
1921,1921,41,13,1,no,7/13/2025
1922,1922,51,14,2,yes,8/22/2025
1923,1923,65,32,5,yes,8/3/2025
1924,1924,28,18,1,yes,8/26/2025
1925,1925,32,14,5,yes,8/11/2025
1926,1926,72,14,5,yes,7/23/2025
1927,1927,47,23,3,yes,8/17/2025
1928,1928,26,9,3,no,8/31/2025
1929,1929,23,9,1,yes,7/11/2025
1930,1930,0,23,4,yes,8/30/2025
1931,1931,72,19,5,yes,8/18/2025
1932,1932,20,11,4,no,7/14/2025
1933,1933,35,7,1,yes,8/8/2025
1934,1934,54,26,2,yes,7/7/2025
1935,1935,24,25,1,no,8/2/2025
1936,1936,64,37,4,yes,7/16/2025
1937,1937,84,8,1,yes,8/16/2025
1938,1938,84,14,3,yes,8/7/2025
1939,1939,33,21,3,yes,7/2/2025
1940,1940,33,21,1,yes,8/29/2025
1941,1941,22,15,5,yes,8/21/2025
1942,1942,61,17,1,yes,7/27/2025
1943,1943,44,22,3,yes,7/24/2025
1944,1944,59,1,1,yes,8/28/2025
1945,1945,50,15,1,yes,8/2/2025
1946,1946,44,28,2,yes,8/15/2025
1947,1947,24,7,3,yes,7/6/2025
1948,1948,12,12,4,yes,8/3/2025
1949,1949,61,16,3,no,7/5/2025
1950,1950,21,13,4,yes,7/31/2025
1951,1951,19,6,5,yes,8/20/2025
1952,1952,47,6,2,yes,7/5/2025
1953,1953,58,17,3,yes,8/6/2025
1954,1954,43,15,4,no,8/24/2025
1955,1955,53,25,1,yes,7/9/2025
1956,1956,47,23,1,yes,8/11/2025
1957,1957,38,23,3,yes,7/17/2025
1958,1958,36,18,2,yes,7/20/2025
1959,1959,37,13,3,yes,7/3/2025
1960,1960,31,22,4,yes,8/25/2025
1961,1961,61,29,1,yes,7/19/2025
1962,1962,23,30,4,yes,7/1/2025
1963,1963,37,24,3,yes,7/8/2025
1964,1964,28,19,2,yes,7/22/2025
1965,1965,46,3,4,yes,7/9/2025
1966,1966,51,31,1,yes,8/18/2025
1967,1967,39,31,2,yes,7/9/2025
1968,1968,39,26,2,yes,7/23/2025
1969,1969,8,42,4,yes,8/14/2025
1970,1970,64,15,4,yes,7/6/2025
1971,1971,12,20,4,yes,8/19/2025
1972,1972,20,22,1,yes,8/21/2025
1973,1973,48,8,5,no,8/5/2025
1974,1974,58,26,5,yes,8/15/2025
1975,1975,56,18,5,no,8/22/2025
1976,1976,20,27,4,yes,7/31/2025
1977,1977,37,4,4,no,8/25/2025
1978,1978,62,38,1,yes,7/31/2025
1979,1979,41,39,4,yes,7/9/2025
1980,1980,43,14,2,yes,7/6/2025
1981,1981,32,34,5,no,7/15/2025
1982,1982,30,25,5,yes,8/10/2025
1983,1983,33,13,2,yes,8/2/2025
1984,1984,57,14,4,yes,7/18/2025
1985,1985,35,29,3,yes,7/17/2025
1986,1986,65,24,3,yes,8/2/2025
1987,1987,32,12,4,no,8/21/2025
1988,1988,43,21,1,yes,8/20/2025
1989,1989,27,25,4,yes,7/15/2025
1990,1990,43,0,3,yes,8/5/2025
1991,1991,28,12,1,yes,8/7/2025
1992,1992,40,36,4,yes,8/16/2025
1993,1993,45,9,1,yes,8/10/2025
1994,1994,45,14,1,yes,8/1/2025
1995,1995,46,23,3,yes,8/9/2025
1996,1996,60,17,2,no,7/7/2025
1997,1997,66,27,5,yes,7/16/2025
1998,1998,31,40,4,yes,7/3/2025
1999,1999,46,9,3,no,8/22/2025
2000,2000,66,38,3,yes,8/19/2025
